{
  "schemaVersion": 1,
  "id": "holyworld-autoreply",
  "version": "${version}",
  "name": "HolyWorld AutoReply",
  "description": "Auto reply for HolyWorld moderators",
  "authors": ["HolyWorld"],
  "license": "MIT",
  "environment": "client",
  "entrypoints": {
    "client": [
      "com.holyworld.autoreply.HolyWorldAutoReply"
    ]
  },
  "mixins": [
    "holyworld-autoreply.mixins.json"
  ],
  "depends": {
    "fabricloader": ">=0.15.0",
    "minecraft": "~1.20.1",
    "java": ">=17",
    "fabric-api": "*"
  }
}
